[{"fields": {"released": true, "name": "Core", "order": 0}, "model": "squad_builder.expansion", "pk": 1}, {"fields": {"released": true, "name": "X-Wing Expansion Pack", "order": 1}, "model": "squad_builder.expansion", "pk": 2}, {"fields": {"released": true, "name": "Y-Wing Expansion Pack", "order": 2}, "model": "squad_builder.expansion", "pk": 3}, {"fields": {"released": true, "name": "TIE Fighter Expansion Pack", "order": 3}, "model": "squad_builder.expansion", "pk": 4}, {"fields": {"released": true, "name": "TIE Advanced Expansion Pack", "order": 4}, "model": "squad_builder.expansion", "pk": 5}, {"fields": {"released": true, "name": "A-Wing Expansion Pack", "order": 5}, "model": "squad_builder.expansion", "pk": 6}, {"fields": {"released": true, "name": "Millennium Falcon Expansion Pack", "order": 6}, "model": "squad_builder.expansion", "pk": 7}, {"fields": {"released": true, "name": "TIE Interceptor Expansion Pack", "order": 7}, "model": "squad_builder.expansion", "pk": 8}, {"fields": {"released": true, "name": "Slave I Expansion Pack", "order": 8}, "model": "squad_builder.expansion", "pk": 9}, {"fields": {"released": true, "name": "B-Wing Expansion Pack", "order": 9}, "model": "squad_builder.expansion", "pk": 10}, {"fields": {"released": true, "name": "HWK-290 Expansion Pack", "order": 10}, "model": "squad_builder.expansion", "pk": 11}, {"fields": {"released": true, "name": "TIE Bomber Expansion Pack", "order": 11}, "model": "squad_builder.expansion", "pk": 12}, {"fields": {"released": true, "name": "Lambda-Class Shuttle Expansion Pack", "order": 12}, "model": "squad_builder.expansion", "pk": 13}, {"fields": {"released": true, "name": "Z-95 Headhunter Expansion Pack", "order": 13}, "model": "squad_builder.expansion", "pk": 14}, {"fields": {"released": true, "name": "E-Wing Expansion Pack", "order": 14}, "model": "squad_builder.expansion", "pk": 15}, {"fields": {"released": true, "name": "TIE Defender Expansion Pack", "order": 15}, "model": "squad_builder.expansion", "pk": 16}, {"fields": {"released": true, "name": "TIE Phantom Expansion Pack", "order": 16}, "model": "squad_builder.expansion", "pk": 17}, {"fields": {"released": true, "name": "YT-2400 Freighter Expansion Pack", "order": 17}, "model": "squad_builder.expansion", "pk": 18}, {"fields": {"released": true, "name": "VT-49 Decimator Expansion Pack", "order": 18}, "model": "squad_builder.expansion", "pk": 19}, {"fields": {"released": true, "name": "Imperial Aces Expansion Pack", "order": 19}, "model": "squad_builder.expansion", "pk": 20}, {"fields": {"released": true, "name": "Rebel Aces Expansion Pack", "order": 20}, "model": "squad_builder.expansion", "pk": 21}, {"fields": {"released": true, "name": "Tantive IV Expansion Pack", "order": 21}, "model": "squad_builder.expansion", "pk": 22}, {"fields": {"released": true, "name": "StarViper Expansion Pack", "order": 22}, "model": "squad_builder.expansion", "pk": 23}, {"fields": {"released": true, "name": "M3-A Interceptor Expansion Pack", "order": 23}, "model": "squad_builder.expansion", "pk": 24}, {"fields": {"released": true, "name": "IG-2000 Expansion Pack", "order": 24}, "model": "squad_builder.expansion", "pk": 25}, {"fields": {"released": true, "name": "Most Wanted Expansion Pack", "order": 25}, "model": "squad_builder.expansion", "pk": 26}, {"fields": {"released": true, "name": "Rebel Transport Expansion Pack", "order": 26}, "model": "squad_builder.expansion", "pk": 27}, {"fields": {"count": 1, "ship": 1, "expansion": 1}, "model": "squad_builder.expansionship", "pk": 1}, {"fields": {"count": 1, "ship": 1, "expansion": 2}, "model": "squad_builder.expansionship", "pk": 2}, {"fields": {"count": 1, "ship": 1, "expansion": 27}, "model": "squad_builder.expansionship", "pk": 3}, {"fields": {"count": 1, "ship": 2, "expansion": 6}, "model": "squad_builder.expansionship", "pk": 4}, {"fields": {"count": 1, "ship": 2, "expansion": 21}, "model": "squad_builder.expansionship", "pk": 5}, {"fields": {"count": 1, "ship": 3, "expansion": 3}, "model": "squad_builder.expansionship", "pk": 6}, {"fields": {"count": 2, "ship": 4, "expansion": 1}, "model": "squad_builder.expansionship", "pk": 7}, {"fields": {"count": 1, "ship": 3, "expansion": 26}, "model": "squad_builder.expansionship", "pk": 8}, {"fields": {"count": 1, "ship": 4, "expansion": 4}, "model": "squad_builder.expansionship", "pk": 9}, {"fields": {"count": 1, "ship": 5, "expansion": 7}, "model": "squad_builder.expansionship", "pk": 10}, {"fields": {"count": 1, "ship": 7, "expansion": 8}, "model": "squad_builder.expansionship", "pk": 11}, {"fields": {"count": 1, "ship": 6, "expansion": 5}, "model": "squad_builder.expansionship", "pk": 12}, {"fields": {"count": 2, "ship": 7, "expansion": 20}, "model": "squad_builder.expansionship", "pk": 13}, {"fields": {"count": 1, "ship": 9, "expansion": 10}, "model": "squad_builder.expansionship", "pk": 14}, {"fields": {"count": 1, "ship": 9, "expansion": 21}, "model": "squad_builder.expansionship", "pk": 15}, {"fields": {"count": 1, "ship": 8, "expansion": 11}, "model": "squad_builder.expansionship", "pk": 16}, {"fields": {"count": 1, "ship": 10, "expansion": 9}, "model": "squad_builder.expansionship", "pk": 17}, {"fields": {"count": 1, "ship": 11, "expansion": 13}, "model": "squad_builder.expansionship", "pk": 18}, {"fields": {"count": 1, "ship": 12, "expansion": 12}, "model": "squad_builder.expansionship", "pk": 19}, {"fields": {"count": 1, "ship": 13, "expansion": 16}, "model": "squad_builder.expansionship", "pk": 20}, {"fields": {"count": 1, "ship": 14, "expansion": 17}, "model": "squad_builder.expansionship", "pk": 21}, {"fields": {"count": 1, "ship": 16, "expansion": 18}, "model": "squad_builder.expansionship", "pk": 22}, {"fields": {"count": 1, "ship": 15, "expansion": 14}, "model": "squad_builder.expansionship", "pk": 23}, {"fields": {"count": 2, "ship": 15, "expansion": 26}, "model": "squad_builder.expansionship", "pk": 24}, {"fields": {"count": 1, "ship": 17, "expansion": 15}, "model": "squad_builder.expansionship", "pk": 25}, {"fields": {"count": 1, "ship": 18, "expansion": 19}, "model": "squad_builder.expansionship", "pk": 26}, {"fields": {"count": 1, "ship": 20, "expansion": 25}, "model": "squad_builder.expansionship", "pk": 27}, {"fields": {"count": 1, "ship": 19, "expansion": 24}, "model": "squad_builder.expansionship", "pk": 28}, {"fields": {"count": 1, "ship": 21, "expansion": 23}, "model": "squad_builder.expansionship", "pk": 29}, {"fields": {"count": 1, "upgrade": 1, "expansion": 3}, "model": "squad_builder.expansionupgrade", "pk": 1}, {"fields": {"count": 1, "upgrade": 1, "expansion": 11}, "model": "squad_builder.expansionupgrade", "pk": 2}, {"fields": {"count": 1, "upgrade": 2, "expansion": 1}, "model": "squad_builder.expansionupgrade", "pk": 3}, {"fields": {"count": 1, "upgrade": 2, "expansion": 2}, "model": "squad_builder.expansionupgrade", "pk": 4}, {"fields": {"count": 2, "upgrade": 2, "expansion": 3}, "model": "squad_builder.expansionupgrade", "pk": 5}, {"fields": {"count": 1, "upgrade": 3, "expansion": 3}, "model": "squad_builder.expansionupgrade", "pk": 6}, {"fields": {"count": 1, "upgrade": 2, "expansion": 10}, "model": "squad_builder.expansionupgrade", "pk": 7}, {"fields": {"count": 1, "upgrade": 5, "expansion": 1}, "model": "squad_builder.expansionupgrade", "pk": 8}, {"fields": {"count": 1, "upgrade": 4, "expansion": 1}, "model": "squad_builder.expansionupgrade", "pk": 9}, {"fields": {"count": 1, "upgrade": 6, "expansion": 3}, "model": "squad_builder.expansionupgrade", "pk": 10}, {"fields": {"count": 1, "upgrade": 7, "expansion": 2}, "model": "squad_builder.expansionupgrade", "pk": 11}, {"fields": {"count": 1, "upgrade": 9, "expansion": 1}, "model": "squad_builder.expansionupgrade", "pk": 12}, {"fields": {"count": 1, "upgrade": 8, "expansion": 2}, "model": "squad_builder.expansionupgrade", "pk": 13}, {"fields": {"count": 1, "upgrade": 9, "expansion": 4}, "model": "squad_builder.expansionupgrade", "pk": 14}, {"fields": {"count": 1, "upgrade": 10, "expansion": 4}, "model": "squad_builder.expansionupgrade", "pk": 15}, {"fields": {"count": 1, "upgrade": 10, "expansion": 5}, "model": "squad_builder.expansionupgrade", "pk": 16}, {"fields": {"count": 1, "upgrade": 11, "expansion": 5}, "model": "squad_builder.expansionupgrade", "pk": 17}, {"fields": {"count": 1, "upgrade": 12, "expansion": 2}, "model": "squad_builder.expansionupgrade", "pk": 18}, {"fields": {"count": 1, "upgrade": 12, "expansion": 5}, "model": "squad_builder.expansionupgrade", "pk": 19}, {"fields": {"count": 1, "upgrade": 13, "expansion": 1}, "model": "squad_builder.expansionupgrade", "pk": 20}, {"fields": {"count": 1, "upgrade": 15, "expansion": 6}, "model": "squad_builder.expansionupgrade", "pk": 21}, {"fields": {"count": 1, "upgrade": 14, "expansion": 6}, "model": "squad_builder.expansionupgrade", "pk": 22}, {"fields": {"count": 1, "upgrade": 13, "expansion": 2}, "model": "squad_builder.expansionupgrade", "pk": 23}, {"fields": {"count": 1, "upgrade": 15, "expansion": 5}, "model": "squad_builder.expansionupgrade", "pk": 24}, {"fields": {"count": 1, "upgrade": 14, "expansion": 5}, "model": "squad_builder.expansionupgrade", "pk": 25}, {"fields": {"count": 1, "upgrade": 15, "expansion": 7}, "model": "squad_builder.expansionupgrade", "pk": 26}, {"fields": {"count": 1, "upgrade": 16, "expansion": 8}, "model": "squad_builder.expansionupgrade", "pk": 27}, {"fields": {"count": 1, "upgrade": 17, "expansion": 8}, "model": "squad_builder.expansionupgrade", "pk": 28}, {"fields": {"count": 1, "upgrade": 18, "expansion": 6}, "model": "squad_builder.expansionupgrade", "pk": 29}, {"fields": {"count": 1, "upgrade": 17, "expansion": 7}, "model": "squad_builder.expansionupgrade", "pk": 30}, {"fields": {"count": 1, "upgrade": 18, "expansion": 9}, "model": "squad_builder.expansionupgrade", "pk": 31}, {"fields": {"count": 1, "upgrade": 19, "expansion": 6}, "model": "squad_builder.expansionupgrade", "pk": 32}, {"fields": {"count": 2, "upgrade": 19, "expansion": 20}, "model": "squad_builder.expansionupgrade", "pk": 33}, {"fields": {"count": 1, "upgrade": 21, "expansion": 9}, "model": "squad_builder.expansionupgrade", "pk": 34}, {"fields": {"count": 1, "upgrade": 20, "expansion": 6}, "model": "squad_builder.expansionupgrade", "pk": 35}, {"fields": {"count": 1, "upgrade": 22, "expansion": 9}, "model": "squad_builder.expansionupgrade", "pk": 36}, {"fields": {"count": 1, "upgrade": 22, "expansion": 18}, "model": "squad_builder.expansionupgrade", "pk": 37}, {"fields": {"count": 1, "upgrade": 23, "expansion": 9}, "model": "squad_builder.expansionupgrade", "pk": 38}, {"fields": {"count": 1, "upgrade": 23, "expansion": 16}, "model": "squad_builder.expansionupgrade", "pk": 39}, {"fields": {"count": 1, "upgrade": 23, "expansion": 10}, "model": "squad_builder.expansionupgrade", "pk": 40}, {"fields": {"count": 1, "upgrade": 23, "expansion": 24}, "model": "squad_builder.expansionupgrade", "pk": 41}, {"fields": {"count": 1, "upgrade": 24, "expansion": 9}, "model": "squad_builder.expansionupgrade", "pk": 42}, {"fields": {"count": 1, "upgrade": 24, "expansion": 18}, "model": "squad_builder.expansionupgrade", "pk": 43}, {"fields": {"count": 1, "upgrade": 25, "expansion": 9}, "model": "squad_builder.expansionupgrade", "pk": 44}, {"fields": {"count": 1, "upgrade": 25, "expansion": 13}, "model": "squad_builder.expansionupgrade", "pk": 45}, {"fields": {"count": 1, "upgrade": 25, "expansion": 18}, "model": "squad_builder.expansionupgrade", "pk": 46}, {"fields": {"count": 1, "upgrade": 26, "expansion": 7}, "model": "squad_builder.expansionupgrade", "pk": 47}, {"fields": {"count": 1, "upgrade": 26, "expansion": 9}, "model": "squad_builder.expansionupgrade", "pk": 48}, {"fields": {"count": 1, "upgrade": 26, "expansion": 12}, "model": "squad_builder.expansionupgrade", "pk": 49}, {"fields": {"count": 1, "upgrade": 26, "expansion": 14}, "model": "squad_builder.expansionupgrade", "pk": 50}, {"fields": {"count": 1, "upgrade": 27, "expansion": 9}, "model": "squad_builder.expansionupgrade", "pk": 51}, {"fields": {"count": 1, "upgrade": 27, "expansion": 12}, "model": "squad_builder.expansionupgrade", "pk": 52}, {"fields": {"count": 1, "upgrade": 28, "expansion": 9}, "model": "squad_builder.expansionupgrade", "pk": 53}, {"fields": {"count": 1, "upgrade": 27, "expansion": 25}, "model": "squad_builder.expansionupgrade", "pk": 54}, {"fields": {"count": 1, "upgrade": 28, "expansion": 25}, "model": "squad_builder.expansionupgrade", "pk": 55}, {"fields": {"count": 1, "upgrade": 29, "expansion": 7}, "model": "squad_builder.expansionupgrade", "pk": 56}, {"fields": {"count": 1, "upgrade": 29, "expansion": 9}, "model": "squad_builder.expansionupgrade", "pk": 57}, {"fields": {"count": 1, "upgrade": 30, "expansion": 7}, "model": "squad_builder.expansionupgrade", "pk": 58}, {"fields": {"count": 1, "upgrade": 30, "expansion": 13}, "model": "squad_builder.expansionupgrade", "pk": 59}, {"fields": {"count": 1, "upgrade": 32, "expansion": 7}, "model": "squad_builder.expansionupgrade", "pk": 60}, {"fields": {"count": 1, "upgrade": 31, "expansion": 7}, "model": "squad_builder.expansionupgrade", "pk": 61}, {"fields": {"count": 1, "upgrade": 33, "expansion": 7}, "model": "squad_builder.expansionupgrade", "pk": 62}, {"fields": {"count": 1, "upgrade": 34, "expansion": 10}, "model": "squad_builder.expansionupgrade", "pk": 63}, {"fields": {"count": 1, "upgrade": 34, "expansion": 12}, "model": "squad_builder.expansionupgrade", "pk": 64}, {"fields": {"count": 1, "upgrade": 35, "expansion": 7}, "model": "squad_builder.expansionupgrade", "pk": 65}, {"fields": {"count": 1, "upgrade": 36, "expansion": 10}, "model": "squad_builder.expansionupgrade", "pk": 66}, {"fields": {"count": 1, "upgrade": 36, "expansion": 25}, "model": "squad_builder.expansionupgrade", "pk": 67}, {"fields": {"count": 1, "upgrade": 37, "expansion": 17}, "model": "squad_builder.expansionupgrade", "pk": 68}, {"fields": {"count": 1, "upgrade": 37, "expansion": 10}, "model": "squad_builder.expansionupgrade", "pk": 69}, {"fields": {"count": 1, "upgrade": 38, "expansion": 11}, "model": "squad_builder.expansionupgrade", "pk": 70}, {"fields": {"count": 1, "upgrade": 39, "expansion": 17}, "model": "squad_builder.expansionupgrade", "pk": 71}, {"fields": {"count": 1, "upgrade": 39, "expansion": 11}, "model": "squad_builder.expansionupgrade", "pk": 72}, {"fields": {"count": 1, "upgrade": 40, "expansion": 11}, "model": "squad_builder.expansionupgrade", "pk": 73}, {"fields": {"count": 1, "upgrade": 40, "expansion": 13}, "model": "squad_builder.expansionupgrade", "pk": 74}, {"fields": {"count": 1, "upgrade": 41, "expansion": 11}, "model": "squad_builder.expansionupgrade", "pk": 75}, {"fields": {"count": 1, "upgrade": 42, "expansion": 19}, "model": "squad_builder.expansionupgrade", "pk": 76}, {"fields": {"count": 1, "upgrade": 42, "expansion": 12}, "model": "squad_builder.expansionupgrade", "pk": 77}, {"fields": {"count": 1, "upgrade": 44, "expansion": 13}, "model": "squad_builder.expansionupgrade", "pk": 78}, {"fields": {"count": 1, "upgrade": 43, "expansion": 12}, "model": "squad_builder.expansionupgrade", "pk": 79}, {"fields": {"count": 1, "upgrade": 45, "expansion": 13}, "model": "squad_builder.expansionupgrade", "pk": 80}, {"fields": {"count": 1, "upgrade": 44, "expansion": 15}, "model": "squad_builder.expansionupgrade", "pk": 81}, {"fields": {"count": 1, "upgrade": 46, "expansion": 13}, "model": "squad_builder.expansionupgrade", "pk": 82}, {"fields": {"count": 1, "upgrade": 47, "expansion": 13}, "model": "squad_builder.expansionupgrade", "pk": 83}, {"fields": {"count": 1, "upgrade": 48, "expansion": 13}, "model": "squad_builder.expansionupgrade", "pk": 84}, {"fields": {"count": 1, "upgrade": 49, "expansion": 14}, "model": "squad_builder.expansionupgrade", "pk": 85}, {"fields": {"count": 1, "upgrade": 49, "expansion": 16}, "model": "squad_builder.expansionupgrade", "pk": 86}, {"fields": {"count": 2, "upgrade": 51, "expansion": 20}, "model": "squad_builder.expansionupgrade", "pk": 87}, {"fields": {"count": 1, "upgrade": 50, "expansion": 13}, "model": "squad_builder.expansionupgrade", "pk": 88}, {"fields": {"count": 1, "upgrade": 52, "expansion": 14}, "model": "squad_builder.expansionupgrade", "pk": 89}, {"fields": {"count": 1, "upgrade": 54, "expansion": 16}, "model": "squad_builder.expansionupgrade", "pk": 90}, {"fields": {"count": 1, "upgrade": 53, "expansion": 14}, "model": "squad_builder.expansionupgrade", "pk": 91}, {"fields": {"count": 1, "upgrade": 54, "expansion": 15}, "model": "squad_builder.expansionupgrade", "pk": 92}, {"fields": {"count": 1, "upgrade": 56, "expansion": 15}, "model": "squad_builder.expansionupgrade", "pk": 93}, {"fields": {"count": 1, "upgrade": 55, "expansion": 15}, "model": "squad_builder.expansionupgrade", "pk": 94}, {"fields": {"count": 1, "upgrade": 57, "expansion": 16}, "model": "squad_builder.expansionupgrade", "pk": 95}, {"fields": {"count": 3, "upgrade": 56, "expansion": 27}, "model": "squad_builder.expansionupgrade", "pk": 96}, {"fields": {"count": 1, "upgrade": 58, "expansion": 1}, "model": "squad_builder.expansionupgrade", "pk": 97}, {"fields": {"count": 1, "upgrade": 59, "expansion": 15}, "model": "squad_builder.expansionupgrade", "pk": 98}, {"fields": {"count": 1, "upgrade": 61, "expansion": 27}, "model": "squad_builder.expansionupgrade", "pk": 99}, {"fields": {"count": 1, "upgrade": 60, "expansion": 17}, "model": "squad_builder.expansionupgrade", "pk": 100}, {"fields": {"count": 1, "upgrade": 63, "expansion": 27}, "model": "squad_builder.expansionupgrade", "pk": 101}, {"fields": {"count": 1, "upgrade": 62, "expansion": 22}, "model": "squad_builder.expansionupgrade", "pk": 102}, {"fields": {"count": 3, "upgrade": 64, "expansion": 21}, "model": "squad_builder.expansionupgrade", "pk": 103}, {"fields": {"count": 1, "upgrade": 65, "expansion": 18}, "model": "squad_builder.expansionupgrade", "pk": 104}, {"fields": {"count": 2, "upgrade": 66, "expansion": 21}, "model": "squad_builder.expansionupgrade", "pk": 105}, {"fields": {"count": 2, "upgrade": 65, "expansion": 21}, "model": "squad_builder.expansionupgrade", "pk": 106}, {"fields": {"count": 1, "upgrade": 67, "expansion": 21}, "model": "squad_builder.expansionupgrade", "pk": 107}, {"fields": {"count": 1, "upgrade": 68, "expansion": 21}, "model": "squad_builder.expansionupgrade", "pk": 108}, {"fields": {"count": 1, "upgrade": 69, "expansion": 27}, "model": "squad_builder.expansionupgrade", "pk": 109}, {"fields": {"count": 1, "upgrade": 70, "expansion": 22}, "model": "squad_builder.expansionupgrade", "pk": 110}, {"fields": {"count": 1, "upgrade": 71, "expansion": 27}, "model": "squad_builder.expansionupgrade", "pk": 111}, {"fields": {"count": 1, "upgrade": 72, "expansion": 22}, "model": "squad_builder.expansionupgrade", "pk": 112}, {"fields": {"count": 1, "upgrade": 73, "expansion": 18}, "model": "squad_builder.expansionupgrade", "pk": 113}, {"fields": {"count": 1, "upgrade": 75, "expansion": 19}, "model": "squad_builder.expansionupgrade", "pk": 114}, {"fields": {"count": 1, "upgrade": 74, "expansion": 22}, "model": "squad_builder.expansionupgrade", "pk": 115}, {"fields": {"count": 1, "upgrade": 76, "expansion": 18}, "model": "squad_builder.expansionupgrade", "pk": 116}, {"fields": {"count": 1, "upgrade": 78, "expansion": 19}, "model": "squad_builder.expansionupgrade", "pk": 117}, {"fields": {"count": 1, "upgrade": 77, "expansion": 18}, "model": "squad_builder.expansionupgrade", "pk": 118}, {"fields": {"count": 1, "upgrade": 79, "expansion": 18}, "model": "squad_builder.expansionupgrade", "pk": 119}, {"fields": {"count": 1, "upgrade": 81, "expansion": 18}, "model": "squad_builder.expansionupgrade", "pk": 120}, {"fields": {"count": 1, "upgrade": 80, "expansion": 19}, "model": "squad_builder.expansionupgrade", "pk": 121}, {"fields": {"count": 1, "upgrade": 82, "expansion": 19}, "model": "squad_builder.expansionupgrade", "pk": 122}, {"fields": {"count": 1, "upgrade": 83, "expansion": 19}, "model": "squad_builder.expansionupgrade", "pk": 123}, {"fields": {"count": 1, "upgrade": 84, "expansion": 19}, "model": "squad_builder.expansionupgrade", "pk": 124}, {"fields": {"count": 2, "upgrade": 85, "expansion": 19}, "model": "squad_builder.expansionupgrade", "pk": 125}, {"fields": {"count": 1, "upgrade": 86, "expansion": 23}, "model": "squad_builder.expansionupgrade", "pk": 126}, {"fields": {"count": 1, "upgrade": 85, "expansion": 23}, "model": "squad_builder.expansionupgrade", "pk": 127}, {"fields": {"count": 1, "upgrade": 87, "expansion": 23}, "model": "squad_builder.expansionupgrade", "pk": 128}, {"fields": {"count": 1, "upgrade": 89, "expansion": 23}, "model": "squad_builder.expansionupgrade", "pk": 129}, {"fields": {"count": 1, "upgrade": 88, "expansion": 24}, "model": "squad_builder.expansionupgrade", "pk": 130}, {"fields": {"count": 1, "upgrade": 90, "expansion": 23}, "model": "squad_builder.expansionupgrade", "pk": 131}, {"fields": {"count": 1, "upgrade": 91, "expansion": 24}, "model": "squad_builder.expansionupgrade", "pk": 132}, {"fields": {"count": 1, "upgrade": 89, "expansion": 25}, "model": "squad_builder.expansionupgrade", "pk": 133}, {"fields": {"count": 1, "upgrade": 90, "expansion": 25}, "model": "squad_builder.expansionupgrade", "pk": 134}, {"fields": {"count": 2, "upgrade": 92, "expansion": 25}, "model": "squad_builder.expansionupgrade", "pk": 135}, {"fields": {"count": 1, "upgrade": 91, "expansion": 25}, "model": "squad_builder.expansionupgrade", "pk": 136}, {"fields": {"count": 2, "upgrade": 93, "expansion": 26}, "model": "squad_builder.expansionupgrade", "pk": 137}, {"fields": {"count": 1, "upgrade": 94, "expansion": 25}, "model": "squad_builder.expansionupgrade", "pk": 138}, {"fields": {"count": 1, "upgrade": 94, "expansion": 26}, "model": "squad_builder.expansionupgrade", "pk": 139}, {"fields": {"count": 2, "upgrade": 95, "expansion": 25}, "model": "squad_builder.expansionupgrade", "pk": 140}, {"fields": {"count": 1, "upgrade": 96, "expansion": 26}, "model": "squad_builder.expansionupgrade", "pk": 141}, {"fields": {"count": 1, "upgrade": 97, "expansion": 26}, "model": "squad_builder.expansionupgrade", "pk": 142}, {"fields": {"count": 2, "upgrade": 99, "expansion": 26}, "model": "squad_builder.expansionupgrade", "pk": 143}, {"fields": {"count": 2, "upgrade": 98, "expansion": 26}, "model": "squad_builder.expansionupgrade", "pk": 144}, {"fields": {"count": 1, "upgrade": 100, "expansion": 26}, "model": "squad_builder.expansionupgrade", "pk": 145}, {"fields": {"count": 2, "upgrade": 102, "expansion": 26}, "model": "squad_builder.expansionupgrade", "pk": 146}, {"fields": {"count": 2, "upgrade": 101, "expansion": 26}, "model": "squad_builder.expansionupgrade", "pk": 147}, {"fields": {"count": 1, "upgrade": 105, "expansion": 26}, "model": "squad_builder.expansionupgrade", "pk": 148}, {"fields": {"count": 1, "upgrade": 103, "expansion": 26}, "model": "squad_builder.expansionupgrade", "pk": 149}, {"fields": {"count": 1, "expansion": 1, "pilot": 1}, "model": "squad_builder.expansionpilot", "pk": 1}, {"fields": {"count": 1, "expansion": 1, "pilot": 2}, "model": "squad_builder.expansionpilot", "pk": 2}, {"fields": {"count": 1, "expansion": 2, "pilot": 2}, "model": "squad_builder.expansionpilot", "pk": 3}, {"fields": {"count": 1, "expansion": 27, "pilot": 2}, "model": "squad_builder.expansionpilot", "pk": 4}, {"fields": {"count": 1, "expansion": 2, "pilot": 3}, "model": "squad_builder.expansionpilot", "pk": 5}, {"fields": {"count": 1, "expansion": 2, "pilot": 5}, "model": "squad_builder.expansionpilot", "pk": 6}, {"fields": {"count": 1, "expansion": 1, "pilot": 4}, "model": "squad_builder.expansionpilot", "pk": 7}, {"fields": {"count": 1, "expansion": 1, "pilot": 6}, "model": "squad_builder.expansionpilot", "pk": 8}, {"fields": {"count": 1, "expansion": 2, "pilot": 6}, "model": "squad_builder.expansionpilot", "pk": 9}, {"fields": {"count": 1, "expansion": 27, "pilot": 6}, "model": "squad_builder.expansionpilot", "pk": 10}, {"fields": {"count": 1, "expansion": 3, "pilot": 7}, "model": "squad_builder.expansionpilot", "pk": 11}, {"fields": {"count": 1, "expansion": 3, "pilot": 8}, "model": "squad_builder.expansionpilot", "pk": 12}, {"fields": {"count": 1, "expansion": 3, "pilot": 9}, "model": "squad_builder.expansionpilot", "pk": 13}, {"fields": {"count": 2, "expansion": 1, "pilot": 11}, "model": "squad_builder.expansionpilot", "pk": 14}, {"fields": {"count": 1, "expansion": 3, "pilot": 10}, "model": "squad_builder.expansionpilot", "pk": 15}, {"fields": {"count": 1, "expansion": 4, "pilot": 11}, "model": "squad_builder.expansionpilot", "pk": 16}, {"fields": {"count": 2, "expansion": 1, "pilot": 12}, "model": "squad_builder.expansionpilot", "pk": 17}, {"fields": {"count": 1, "expansion": 4, "pilot": 12}, "model": "squad_builder.expansionpilot", "pk": 18}, {"fields": {"count": 2, "expansion": 1, "pilot": 13}, "model": "squad_builder.expansionpilot", "pk": 19}, {"fields": {"count": 1, "expansion": 4, "pilot": 13}, "model": "squad_builder.expansionpilot", "pk": 20}, {"fields": {"count": 1, "expansion": 1, "pilot": 15}, "model": "squad_builder.expansionpilot", "pk": 21}, {"fields": {"count": 1, "expansion": 1, "pilot": 17}, "model": "squad_builder.expansionpilot", "pk": 22}, {"fields": {"count": 1, "expansion": 4, "pilot": 14}, "model": "squad_builder.expansionpilot", "pk": 23}, {"fields": {"count": 1, "expansion": 4, "pilot": 16}, "model": "squad_builder.expansionpilot", "pk": 24}, {"fields": {"count": 1, "expansion": 1, "pilot": 18}, "model": "squad_builder.expansionpilot", "pk": 25}, {"fields": {"count": 1, "expansion": 4, "pilot": 19}, "model": "squad_builder.expansionpilot", "pk": 26}, {"fields": {"count": 1, "expansion": 5, "pilot": 21}, "model": "squad_builder.expansionpilot", "pk": 27}, {"fields": {"count": 1, "expansion": 5, "pilot": 20}, "model": "squad_builder.expansionpilot", "pk": 28}, {"fields": {"count": 1, "expansion": 5, "pilot": 23}, "model": "squad_builder.expansionpilot", "pk": 29}, {"fields": {"count": 1, "expansion": 5, "pilot": 22}, "model": "squad_builder.expansionpilot", "pk": 30}, {"fields": {"count": 1, "expansion": 8, "pilot": 24}, "model": "squad_builder.expansionpilot", "pk": 31}, {"fields": {"count": 1, "expansion": 8, "pilot": 25}, "model": "squad_builder.expansionpilot", "pk": 32}, {"fields": {"count": 1, "expansion": 8, "pilot": 26}, "model": "squad_builder.expansionpilot", "pk": 33}, {"fields": {"count": 1, "expansion": 8, "pilot": 27}, "model": "squad_builder.expansionpilot", "pk": 34}, {"fields": {"count": 2, "expansion": 20, "pilot": 28}, "model": "squad_builder.expansionpilot", "pk": 35}, {"fields": {"count": 1, "expansion": 6, "pilot": 29}, "model": "squad_builder.expansionpilot", "pk": 36}, {"fields": {"count": 1, "expansion": 8, "pilot": 28}, "model": "squad_builder.expansionpilot", "pk": 37}, {"fields": {"count": 1, "expansion": 6, "pilot": 31}, "model": "squad_builder.expansionpilot", "pk": 38}, {"fields": {"count": 1, "expansion": 8, "pilot": 30}, "model": "squad_builder.expansionpilot", "pk": 39}, {"fields": {"count": 1, "expansion": 21, "pilot": 31}, "model": "squad_builder.expansionpilot", "pk": 40}, {"fields": {"count": 1, "expansion": 6, "pilot": 32}, "model": "squad_builder.expansionpilot", "pk": 41}, {"fields": {"count": 1, "expansion": 6, "pilot": 33}, "model": "squad_builder.expansionpilot", "pk": 42}, {"fields": {"count": 1, "expansion": 21, "pilot": 33}, "model": "squad_builder.expansionpilot", "pk": 43}, {"fields": {"count": 1, "expansion": 7, "pilot": 34}, "model": "squad_builder.expansionpilot", "pk": 44}, {"fields": {"count": 1, "expansion": 7, "pilot": 35}, "model": "squad_builder.expansionpilot", "pk": 45}, {"fields": {"count": 1, "expansion": 7, "pilot": 37}, "model": "squad_builder.expansionpilot", "pk": 46}, {"fields": {"count": 1, "expansion": 9, "pilot": 36}, "model": "squad_builder.expansionpilot", "pk": 47}, {"fields": {"count": 1, "expansion": 7, "pilot": 38}, "model": "squad_builder.expansionpilot", "pk": 48}, {"fields": {"count": 1, "expansion": 10, "pilot": 39}, "model": "squad_builder.expansionpilot", "pk": 49}, {"fields": {"count": 1, "expansion": 9, "pilot": 41}, "model": "squad_builder.expansionpilot", "pk": 50}, {"fields": {"count": 1, "expansion": 9, "pilot": 40}, "model": "squad_builder.expansionpilot", "pk": 51}, {"fields": {"count": 1, "expansion": 9, "pilot": 42}, "model": "squad_builder.expansionpilot", "pk": 52}, {"fields": {"count": 1, "expansion": 10, "pilot": 43}, "model": "squad_builder.expansionpilot", "pk": 53}, {"fields": {"count": 1, "expansion": 10, "pilot": 44}, "model": "squad_builder.expansionpilot", "pk": 54}, {"fields": {"count": 1, "expansion": 21, "pilot": 44}, "model": "squad_builder.expansionpilot", "pk": 55}, {"fields": {"count": 1, "expansion": 11, "pilot": 45}, "model": "squad_builder.expansionpilot", "pk": 56}, {"fields": {"count": 1, "expansion": 11, "pilot": 46}, "model": "squad_builder.expansionpilot", "pk": 57}, {"fields": {"count": 1, "expansion": 10, "pilot": 47}, "model": "squad_builder.expansionpilot", "pk": 58}, {"fields": {"count": 1, "expansion": 21, "pilot": 47}, "model": "squad_builder.expansionpilot", "pk": 59}, {"fields": {"count": 1, "expansion": 12, "pilot": 48}, "model": "squad_builder.expansionpilot", "pk": 60}, {"fields": {"count": 1, "expansion": 11, "pilot": 49}, "model": "squad_builder.expansionpilot", "pk": 61}, {"fields": {"count": 1, "expansion": 12, "pilot": 51}, "model": "squad_builder.expansionpilot", "pk": 62}, {"fields": {"count": 1, "expansion": 12, "pilot": 50}, "model": "squad_builder.expansionpilot", "pk": 63}, {"fields": {"count": 1, "expansion": 11, "pilot": 52}, "model": "squad_builder.expansionpilot", "pk": 64}, {"fields": {"count": 1, "expansion": 12, "pilot": 53}, "model": "squad_builder.expansionpilot", "pk": 65}, {"fields": {"count": 1, "expansion": 13, "pilot": 54}, "model": "squad_builder.expansionpilot", "pk": 66}, {"fields": {"count": 1, "expansion": 13, "pilot": 55}, "model": "squad_builder.expansionpilot", "pk": 67}, {"fields": {"count": 1, "expansion": 13, "pilot": 56}, "model": "squad_builder.expansionpilot", "pk": 68}, {"fields": {"count": 1, "expansion": 20, "pilot": 57}, "model": "squad_builder.expansionpilot", "pk": 69}, {"fields": {"count": 2, "expansion": 20, "pilot": 58}, "model": "squad_builder.expansionpilot", "pk": 70}, {"fields": {"count": 1, "expansion": 20, "pilot": 59}, "model": "squad_builder.expansionpilot", "pk": 71}, {"fields": {"count": 1, "expansion": 13, "pilot": 60}, "model": "squad_builder.expansionpilot", "pk": 72}, {"fields": {"count": 1, "expansion": 20, "pilot": 61}, "model": "squad_builder.expansionpilot", "pk": 73}, {"fields": {"count": 1, "expansion": 14, "pilot": 63}, "model": "squad_builder.expansionpilot", "pk": 74}, {"fields": {"count": 1, "expansion": 20, "pilot": 62}, "model": "squad_builder.expansionpilot", "pk": 75}, {"fields": {"count": 1, "expansion": 14, "pilot": 64}, "model": "squad_builder.expansionpilot", "pk": 76}, {"fields": {"count": 1, "expansion": 14, "pilot": 65}, "model": "squad_builder.expansionpilot", "pk": 77}, {"fields": {"count": 1, "expansion": 14, "pilot": 66}, "model": "squad_builder.expansionpilot", "pk": 78}, {"fields": {"count": 1, "expansion": 16, "pilot": 67}, "model": "squad_builder.expansionpilot", "pk": 79}, {"fields": {"count": 1, "expansion": 16, "pilot": 68}, "model": "squad_builder.expansionpilot", "pk": 80}, {"fields": {"count": 1, "expansion": 16, "pilot": 69}, "model": "squad_builder.expansionpilot", "pk": 81}, {"fields": {"count": 1, "expansion": 16, "pilot": 70}, "model": "squad_builder.expansionpilot", "pk": 82}, {"fields": {"count": 1, "expansion": 15, "pilot": 71}, "model": "squad_builder.expansionpilot", "pk": 83}, {"fields": {"count": 1, "expansion": 15, "pilot": 72}, "model": "squad_builder.expansionpilot", "pk": 84}, {"fields": {"count": 1, "expansion": 15, "pilot": 73}, "model": "squad_builder.expansionpilot", "pk": 85}, {"fields": {"count": 1, "expansion": 17, "pilot": 74}, "model": "squad_builder.expansionpilot", "pk": 86}, {"fields": {"count": 1, "expansion": 15, "pilot": 75}, "model": "squad_builder.expansionpilot", "pk": 87}, {"fields": {"count": 1, "expansion": 17, "pilot": 76}, "model": "squad_builder.expansionpilot", "pk": 88}, {"fields": {"count": 1, "expansion": 17, "pilot": 79}, "model": "squad_builder.expansionpilot", "pk": 89}, {"fields": {"count": 1, "expansion": 17, "pilot": 77}, "model": "squad_builder.expansionpilot", "pk": 90}, {"fields": {"count": 1, "expansion": 27, "pilot": 78}, "model": "squad_builder.expansionpilot", "pk": 91}, {"fields": {"count": 1, "expansion": 21, "pilot": 80}, "model": "squad_builder.expansionpilot", "pk": 92}, {"fields": {"count": 1, "expansion": 27, "pilot": 82}, "model": "squad_builder.expansionpilot", "pk": 93}, {"fields": {"count": 1, "expansion": 27, "pilot": 81}, "model": "squad_builder.expansionpilot", "pk": 94}, {"fields": {"count": 1, "expansion": 21, "pilot": 84}, "model": "squad_builder.expansionpilot", "pk": 95}, {"fields": {"count": 1, "expansion": 27, "pilot": 83}, "model": "squad_builder.expansionpilot", "pk": 96}, {"fields": {"count": 1, "expansion": 21, "pilot": 85}, "model": "squad_builder.expansionpilot", "pk": 97}, {"fields": {"count": 1, "expansion": 21, "pilot": 86}, "model": "squad_builder.expansionpilot", "pk": 98}, {"fields": {"count": 1, "expansion": 18, "pilot": 87}, "model": "squad_builder.expansionpilot", "pk": 99}, {"fields": {"count": 1, "expansion": 18, "pilot": 88}, "model": "squad_builder.expansionpilot", "pk": 100}, {"fields": {"count": 1, "expansion": 18, "pilot": 90}, "model": "squad_builder.expansionpilot", "pk": 101}, {"fields": {"count": 1, "expansion": 18, "pilot": 89}, "model": "squad_builder.expansionpilot", "pk": 102}, {"fields": {"count": 1, "expansion": 19, "pilot": 91}, "model": "squad_builder.expansionpilot", "pk": 103}, {"fields": {"count": 1, "expansion": 19, "pilot": 93}, "model": "squad_builder.expansionpilot", "pk": 104}, {"fields": {"count": 1, "expansion": 23, "pilot": 92}, "model": "squad_builder.expansionpilot", "pk": 105}, {"fields": {"count": 1, "expansion": 19, "pilot": 94}, "model": "squad_builder.expansionpilot", "pk": 106}, {"fields": {"count": 1, "expansion": 23, "pilot": 95}, "model": "squad_builder.expansionpilot", "pk": 107}, {"fields": {"count": 1, "expansion": 19, "pilot": 97}, "model": "squad_builder.expansionpilot", "pk": 108}, {"fields": {"count": 1, "expansion": 23, "pilot": 96}, "model": "squad_builder.expansionpilot", "pk": 109}, {"fields": {"count": 1, "expansion": 23, "pilot": 98}, "model": "squad_builder.expansionpilot", "pk": 110}, {"fields": {"count": 1, "expansion": 24, "pilot": 99}, "model": "squad_builder.expansionpilot", "pk": 111}, {"fields": {"count": 1, "expansion": 24, "pilot": 100}, "model": "squad_builder.expansionpilot", "pk": 112}, {"fields": {"count": 1, "expansion": 24, "pilot": 101}, "model": "squad_builder.expansionpilot", "pk": 113}, {"fields": {"count": 1, "expansion": 24, "pilot": 102}, "model": "squad_builder.expansionpilot", "pk": 114}, {"fields": {"count": 1, "expansion": 25, "pilot": 103}, "model": "squad_builder.expansionpilot", "pk": 115}, {"fields": {"count": 1, "expansion": 25, "pilot": 104}, "model": "squad_builder.expansionpilot", "pk": 116}, {"fields": {"count": 2, "expansion": 26, "pilot": 105}, "model": "squad_builder.expansionpilot", "pk": 117}, {"fields": {"count": 1, "expansion": 25, "pilot": 106}, "model": "squad_builder.expansionpilot", "pk": 118}, {"fields": {"count": 1, "expansion": 25, "pilot": 108}, "model": "squad_builder.expansionpilot", "pk": 119}, {"fields": {"count": 1, "expansion": 26, "pilot": 107}, "model": "squad_builder.expansionpilot", "pk": 120}, {"fields": {"count": 1, "expansion": 26, "pilot": 109}, "model": "squad_builder.expansionpilot", "pk": 121}, {"fields": {"count": 2, "expansion": 26, "pilot": 110}, "model": "squad_builder.expansionpilot", "pk": 122}, {"fields": {"count": 1, "expansion": 26, "pilot": 111}, "model": "squad_builder.expansionpilot", "pk": 123}, {"fields": {"count": 1, "expansion": 26, "pilot": 112}, "model": "squad_builder.expansionpilot", "pk": 124}, {"fields": {"count": 1, "expansion": 26, "pilot": 114}, "model": "squad_builder.expansionpilot", "pk": 125}, {"fields": {"count": 1, "expansion": 26, "pilot": 115}, "model": "squad_builder.expansionpilot", "pk": 126}, {"fields": {"count": 1, "expansion": 26, "pilot": 113}, "model": "squad_builder.expansionpilot", "pk": 127}, {"fields": {"count": 1, "expansion": 26, "pilot": 116}, "model": "squad_builder.expansionpilot", "pk": 128}, {"fields": {"count": 1, "expansion": 26, "pilot": 117}, "model": "squad_builder.expansionpilot", "pk": 129}, {"fields": {"count": 1, "expansion": 26, "pilot": 119}, "model": "squad_builder.expansionpilot", "pk": 130}, {"fields": {"count": 2, "expansion": 26, "pilot": 118}, "model": "squad_builder.expansionpilot", "pk": 131}, {"fields": {"count": 1, "expansion": 26, "pilot": 120}, "model": "squad_builder.expansionpilot", "pk": 132}, {"fields": {"count": 1, "expansion": 26, "pilot": 121}, "model": "squad_builder.expansionpilot", "pk": 133}, {"fields": {"count": 2, "expansion": 26, "pilot": 122}, "model": "squad_builder.expansionpilot", "pk": 134}]